{
    "type": "minecraft:crafting_shaped",
    "pattern": [
        "#G",
        " B",
        " i"
    ],
    "key": {
        "#": {
            "item": "minecraft:lime_dye"
        },
        "G": {
            "item": "minecraft:green_dye"
        },
        "B": {
            "item": "minecraft:black_dye"
        },
        "i": {
            "item": "minecraft:iron_ingot"
        }
    },
    "result": {
        "item": "minecraft:music_disc_ward",
        "count": 1
    }
}